{"cameraMode":{"drawMode":0,"name":"Shaded","section":"Shading Mode"},"sceneLighting":false,"audioPlay":false,"sceneViewState":{"m_AlwaysRefresh":false,"showFog":false,"showSkybox":false,"showFlares":false,"showImageEffects":false,"showParticleSystems":false,"showVisualEffectGraphs":true,"m_FxEnabled":true},"in2DMode":false,"pivot":{"x":-0.23194622993469239,"y":1.0450234413146973,"z":-0.41457605361938479},"rotation":{"x":-0.018950432538986207,"y":0.9521764516830444,"z":-0.060362644493579867,"w":-0.2989290654659271},"size":1.165222406387329,"orthographic":false}