{"cameraMode":{"drawMode":0,"name":"Shaded","section":"Shading Mode"},"sceneLighting":false,"audioPlay":false,"sceneViewState":{"m_AlwaysRefresh":false,"showFog":false,"showSkybox":false,"showFlares":false,"showImageEffects":false,"showParticleSystems":false,"showVisualEffectGraphs":true,"m_FxEnabled":true},"in2DMode":false,"pivot":{"x":-0.041593730449676517,"y":0.9000937938690186,"z":0.11168134212493897},"rotation":{"x":-0.11555023491382599,"y":0.003573210909962654,"z":-0.0004156620125286281,"w":-0.9932960867881775},"size":1.4119213819503785,"orthographic":false}